id,hits
100518,6743
100845,6614
101321,4632
101949,4332
100199,4047
102121,3658
101056,3564
101144,3509
100788,3408
100401,3382
102137,3083
101125,2880
100588,2765
102113,2637
101945,2602
100301,2599
100106,2539
101706,2522
100760,2511
100680,2259
102131,1994
100029,1984
101055,1871
100959,1860
101384,1853
101913,1842
101217,1776
100362,1771
101353,1744
100687,1691
100617,1593
100519,1565
100598,1540
100984,1417
100545,1412
101712,1391
102207,1370
100601,1294
100515,1274
100236,1256
100824,1244
101355,1225
100644,1223
100308,1214
101259,1197
101993,1184
101942,1150
101309,1139
101523,1124
100769,1107
100640,1093
100652,1082
101857,1077
101896,1074
100266,1058
100633,1028
100392,1013
101550,994
100410,992
101966,960
100771,954
101649,938
100001,928
100131,924
101112,897
100405,889
100390,858
100157,834
101751,833
100323,832
100682,824
101223,818
101507,816
100031,799
101743,796
100279,789
100698,777
101388,748
100761,743
201393,739
200076,718
102180,712
101717,712
100903,705
100918,701
102151,699
100055,695
101019,687
102169,682
100227,678
101439,673
100085,662
100298,649
102079,645
100765,643
101143,634
101578,623
101272,621
100344,618
101089,609
100600,596
100492,591
100077,582
100616,580
101843,574
101014,573
101705,571
100973,564
101886,559
102012,559
100897,558
101792,557
101293,553
101811,548
100842,538
102097,537
100058,534
101948,523
101104,519
101850,510
101840,505
100119,503
100549,502
101475,502
101536,491
100744,489
101698,486
100572,483
101711,477
100414,475
101779,464
100645,462
100290,456
101557,439
100324,437
101916,433
100079,420
200107,420
100243,411
101310,407
101538,405
101859,402
101610,400
100074,397
101774,394
101001,393
102061,392
101225,387
101211,387
100693,380
101775,375
100135,373
100435,371
101852,371
100852,369
102023,367
102144,358
100908,353
101387,349
102071,349
100356,348
101067,346
101238,344
101817,342
100571,340
101895,340
100064,339
101982,337
100567,334
101261,333
101256,333
101654,331
101249,329
100065,328
100067,327
100749,325
200305,324
101978,324
101816,322
101591,321
100250,320
101513,319
100059,317
101081,309
100006,306
102120,306
101417,303
100585,302
101954,299
200116,297
100524,297
101342,293
101491,293
101215,289
100093,286
100727,283
200135,281
101531,279
201035,278
100863,276
101848,276
101402,273
101819,271
100099,270
101960,266
101735,264
100752,264
100091,260
101333,259
100581,257
101905,257
100563,253
101956,252
101621,250
101983,250
100834,249
101778,245
100634,243
200890,240
100477,238
100994,237
101292,236
100886,234
100999,233
102087,233
101008,231
101856,230
100043,229
100113,227
100703,226
100534,226
101875,224
100573,224
100774,223
100450,223
100694,220
200034,219
100278,219
101296,219
100707,218
201312,218
102067,217
101989,216
100557,216
100381,216
100070,215
101046,215
100570,211
102076,210
100971,207
101718,207
101542,206
101697,205
100287,203
100066,203
101222,203
200106,202
100667,202
101108,201
101627,200
100444,199
100775,199
200689,199
100555,199
101015,198
101201,198
101346,196
101480,196
100149,196
100866,195
100745,194
200349,191
101198,191
101062,190
101271,189
101559,189
102189,188
201087,187
101877,187
101254,187
201386,185
100111,184
200767,184
101139,183
100934,180
101973,179
101950,179
101943,179
101761,179
101091,178
200605,178
101592,177
101283,177
100782,176
100980,176
100758,173
200248,173
101567,173
201458,173
100885,173
101517,172
100078,172
100307,171
101477,170
200634,170
101664,170
101958,169
100689,169
100038,169
100551,169
101196,168
101291,166
101686,166
101957,165
101124,165
201046,164
100709,164
100046,164
101645,163
100945,163
100932,161
100628,161
200049,160
200915,159
200643,159
102044,159
100280,159
201411,158
101798,157
101603,156
200525,156
200727,156
101226,156
101613,155
101006,153
101845,153
101207,152
200204,152
101334,152
100332,152
101515,152
100177,152
100650,151
101073,150
101338,149
102109,149
101588,148
200607,148
100947,148
100855,147
100019,147
100656,145
200999,145
200905,145
101682,145
201509,144
100252,143
101721,141
100312,139
100478,138
101663,138
101498,138
101216,138
101098,137
102139,137
100860,136
100521,134
101662,134
101876,134
100018,134
100114,134
102041,133
102126,132
101401,132
200642,131
100327,130
101424,130
200935,129
100759,129
200534,128
101365,128
100933,128
101265,128
100081,127
100107,127
200517,126
101608,126
100622,126
100439,126
100441,125
200201,125
200478,124
100726,124
100493,123
101007,123
200848,122
101628,122
101345,121
101606,121
200236,121
101138,121
201209,121
101951,120
101313,120
100602,120
100322,119
100348,119
101028,118
200424,118
101350,117
101479,116
101406,115
201151,115
100294,115
102057,114
201060,114
100904,114
100115,114
101499,114
100643,113
100273,112
200538,112
200082,112
100583,112
200070,111
100666,111
200824,111
200656,111
201048,111
201148,111
100629,110
200339,110
100609,110
100171,110
100251,109
100710,109
200311,109
101179,109
101087,109
101483,108
101524,108
100511,108
201318,107
101235,107
100578,107
102059,107
102165,107
101897,106
101210,106
200435,106
101359,106
201139,105
100651,105
100095,104
201248,104
101602,103
200834,103
101805,103
200791,103
100527,103
102046,103
201162,102
101511,102
102208,101
200644,101
200603,101
201443,101
200545,101
100249,101
100797,101
200290,100
201285,100
100770,100
101646,100
101429,100
100260,100
200826,99
200533,99
201440,99
101248,99
102063,99
101791,98
101040,98
101340,98
200479,98
100620,98
100580,98
101681,97
201178,97
100102,97
100060,97
200364,97
200873,97
100539,96
200850,96
100406,96
100737,95
200691,95
101126,95
100146,95
100856,94
101553,94
200211,93
200635,93
102026,93
102060,93
201409,93
200355,93
200256,92
201033,92
100546,92
100685,92
101807,91
201280,91
200810,90
101984,90
100939,90
101547,89
100794,89
200980,89
101955,89
100599,89
100037,89
101998,88
201261,88
101326,88
100604,87
100986,87
201262,87
201084,87
100921,87
100913,86
101500,86
100103,86
100097,86
201026,85
101822,85
200705,85
201281,85
100333,85
201126,84
101145,84
200528,84
201079,84
200870,83
200011,83
200289,83
101103,83
100798,83
200031,82
102065,82
101250,82
200626,82
100013,82
201410,82
200490,81
200516,81
200265,81
200823,81
102164,81
100126,81
201222,80
200404,80
100426,80
100785,80
100474,80
100334,80
101826,79
100094,79
101214,79
100991,79
200165,79
101149,79
201292,79
101419,78
200185,78
201403,78
201362,78
201023,78
100128,78
101801,77
201401,77
100329,76
102053,76
102047,76
200418,76
201082,76
200489,76
101773,76
100739,75
100020,75
102190,75
101786,75
100237,75
101193,75
101070,74
101102,74
201399,74
101944,74
101976,74
100015,73
101800,73
201313,73
200306,73
200153,73
200235,73
100925,73
200136,73
100076,73
200179,72
102172,72
101195,72
100639,72
201408,72
201208,72
101724,72
101946,72
100579,72
200210,71
201017,71
200259,71
200910,71
101426,71
200540,71
100068,71
200686,70
201111,70
200844,70
100108,70
100245,70
200985,70
100780,70
100668,70
200419,70
200878,69
101433,69
100120,69
101043,69
101716,69
101113,69
200330,68
201480,68
100631,68
101832,68
101229,67
101615,67
201507,67
100909,67
100201,67
101094,67
200715,67
101189,66
102103,66
200518,66
201027,66
200104,66
100561,66
201450,66
201010,65
201438,65
100188,65
102049,65
100303,65
200913,65
101243,65
101570,65
101430,64
200812,64
101366,64
100828,64
101880,64
100378,64
102166,64
100964,64
101833,64
100424,64
101563,64
200476,63
201120,63
101437,63
102093,63
101482,63
100440,63
201155,63
101415,62
200508,62
101035,62
200474,62
101150,62
101935,62
101889,62
200112,62
100084,62
100779,62
200611,62
201141,61
201022,61
200658,61
100446,61
101590,61
200060,61
200673,61
200233,61
101680,61
102185,61
102075,60
101155,60
100937,60
200138,60
101543,60
100073,60
200753,60
200946,60
100374,60
100981,60
100665,60
200065,60
100109,60
101423,60
101052,60
200232,59
101558,59
200221,59
102092,59
201503,59
101386,59
100248,59
100594,59
200567,59
100052,59
200038,59
102072,59
200663,59
100814,59
100484,59
100690,59
102078,59
100705,58
201081,58
200295,58
201231,58
101947,58
100747,58
101510,58
101540,58
200242,58
100526,57
101436,57
100025,57
200924,57
100178,57
101842,57
200078,57
100873,57
200477,57
101169,57
200943,56
200724,56
200403,56
100165,56
100995,56
101277,56
200273,56
100612,56
101443,55
101303,55
200929,55
200090,55
102212,55
100861,55
100342,55
102084,55
100790,55
100400,55
101490,54
200127,54
100416,54
200421,54
201073,54
200080,54
200343,54
201036,54
101794,54
100868,54
100071,53
102142,53
100217,53
100494,53
200091,53
101777,53
101533,53
200786,53
100159,53
200501,53
102107,53
200468,52
200620,52
201322,52
102153,52
200911,52
100704,52
101821,52
201101,52
200678,52
101691,52
100847,51
102202,51
101276,51
201195,51
200437,51
102095,51
101318,51
200173,51
200830,51
201103,51
100365,51
102130,51
100920,51
100587,51
100948,51
201116,50
200963,50
200483,50
200122,50
100129,50
100632,50
200954,50
100393,50
101270,50
100425,50
201042,50
201006,50
201381,49
200386,49
102149,49
101242,49
100496,49
200245,49
100271,49
101661,49
101114,49
101545,49
201064,48
201182,48
101312,48
200284,48
100054,48
200590,48
200829,48
101858,48
102197,48
201196,48
200406,48
101737,48
200957,47
100954,47
200609,47
101239,47
101164,47
200432,47
101037,47
101746,47
100418,47
101710,47
201270,47
201466,46
201014,46
201100,46
200368,46
100943,46
102173,46
200085,46
101079,46
101605,46
201372,46
100125,46
101246,46
101624,46
101530,46
200434,46
201390,45
100163,45
101299,45
102183,45
100522,45
101781,45
100061,45
101614,45
200301,45
200932,45
101478,45
200914,45
101804,45
100562,45
101827,45
102129,45
200079,45
201055,44
101431,44
200239,44
200346,44
200392,44
201237,44
200632,44
101505,44
102088,44
100729,44
101622,44
200440,44
200575,44
101120,44
201171,43
200616,43
201341,43
100708,43
200849,43
101965,43
101693,43
101305,43
101260,43
201089,43
100738,43
200143,43
200625,43
101648,43
200989,43
200251,43
100087,43
101790,43
102116,43
200428,43
200063,42
200066,42
100853,42
200839,42
101083,42
101861,42
100996,42
101974,42
201000,42
100089,42
100262,42
100090,42
100742,42
200113,42
101050,42
100910,42
201490,42
100741,42
101972,42
100552,42
200622,41
100691,41
100564,41
201224,41
200544,41
100258,41
101921,41
101331,41
100554,41
200092,41
200639,41
100475,41
101082,41
101987,41
200780,41
101519,41
200520,41
200903,40
101434,40
101744,40
101011,40
100182,40
200709,40
100427,40
201347,40
200462,40
101255,40
201205,40
201199,40
200803,40
201442,40
101314,40
200354,40
200158,40
101731,40
101352,40
101206,40
101109,40
102127,40
100016,40
100541,39
100697,39
100548,39
102074,39
201110,39
200519,39
100516,39
200549,39
200500,39
100724,39
102111,39
200600,39
101904,39
100502,39
201344,39
100364,39
101574,39
200117,38
200020,38
200952,38
200353,38
101703,38
201407,38
100777,38
100537,38
100162,38
101209,38
101999,38
200624,38
200252,38
200589,38
200857,38
201464,38
200299,38
200706,38
201319,38
100104,38
201186,37
100781,37
102015,37
200684,37
100009,37
200075,37
201452,37
100736,37
200584,37
201253,37
100367,37
201065,37
200934,37
101460,37
200387,37
100321,37
102062,37
201492,37
200955,37
101629,37
200956,37
101704,36
200764,36
200415,36
200181,36
201013,36
201021,36
100191,36
100429,36
101650,36
200377,36
102150,36
201305,36
100044,36
101888,36
200461,36
101824,36
201029,36
201075,36
200748,36
200887,36
102206,36
100773,36
201434,36
100513,36
100230,36
100501,36
200856,36
100857,36
100979,35
201244,35
101902,35
200730,35
101539,35
200448,35
200982,35
101979,35
200400,35
101468,35
201428,35
100190,35
102124,35
200331,35
101396,35
200022,35
100529,35
101573,35
200874,35
100610,35
201058,34
200707,34
201494,34
200674,34
200778,34
201200,34
102199,34
101750,34
100865,34
101808,34
200568,34
201179,34
200594,34
100004,34
200045,34
101508,34
102043,34
200796,34
101884,34
100040,34
100203,34
101165,34
101727,34
200817,33
200410,33
201392,33
200455,33
100215,33
201375,33
100302,33
101495,33
100244,33
101192,33
101556,33
101435,33
200994,33
201238,33
101451,33
200281,33
201274,33
100134,33
101715,32
200583,32
200058,32
200342,32
201157,32
100966,32
200443,32
101031,32
200095,32
101653,32
200161,32
100762,32
100202,32
101354,32
100892,32
200120,32
200978,32
101971,32
100225,32
101361,32
200868,32
200581,32
201220,32
200167,32
201140,32
100036,32
100069,32
200054,32
101714,32
200345,32
101141,32
102054,32
100974,32
102035,32
100793,31
102203,31
101237,31
102132,31
101700,31
101767,31
101995,31
101285,31
200456,31
100803,31
100748,31
101572,31
101931,31
200734,31
201242,31
102082,31
101163,31
201009,31
101218,31
200119,31
100801,31
200561,31
102158,31
100403,31
101375,31
101325,31
100219,31
201310,31
100100,30
200485,30
201198,30
101566,30
201277,30
100391,30
201311,30
200012,30
201165,30
201357,30
200315,30
100193,30
201405,30
102201,30
100916,30
200861,29
200396,29
101018,29
101364,29
200853,29
100930,29
101658,29
200099,29
101644,29
100655,29
100288,29
200402,29
201246,29
101554,29
101569,29
200773,29
100284,29
201057,29
100596,29
200062,29
200175,29
201235,29
201263,29
100575,29
200731,28
200206,28
200950,28
100592,28
200285,28
200442,28
101634,28
200244,28
200560,28
100924,28
100325,28
201447,28
200329,28
200699,28
200348,28
201169,28
201043,28
102070,28
200896,28
201370,28
200215,28
100840,28
201445,28
200871,28
200551,28
102003,28
101300,27
201218,27
200405,27
100491,27
102052,27
101066,27
200209,27
200266,27
100540,27
101924,27
200891,27
201128,27
201425,27
200114,27
201047,27
201290,27
201187,27
200819,27
200254,27
200262,27
200930,27
200623,27
201144,27
201051,27
101959,27
200491,27
200789,27
100292,27
100208,27
200288,27
201388,26
200866,26
201481,26
200072,26
101376,26
201129,26
101405,26
101232,26
200168,26
201432,26
100931,26
102138,26
200505,26
200217,26
200309,26
200606,26
201424,26
200110,26
100263,26
100641,26
201174,26
100359,26
101154,26
100813,26
101953,26
101701,26
200617,26
200979,25
201176,25
101740,25
201420,25
200660,25
101709,25
101659,25
101728,25
201134,25
101077,25
200260,25
200737,25
200373,25
102066,25
200650,25
201020,25
100039,25
201422,25
200675,25
200024,25
100719,25
201257,25
100568,25
100355,25
200757,25
100224,25
101968,24
201374,24
200977,24
100615,24
201418,24
200336,24
100839,24
100653,24
201433,24
102194,24
102152,24
200698,24
201426,24
100504,24
102106,24
100366,24
200003,24
200388,24
200843,24
101197,24
201044,24
200859,24
100326,24
100914,24
200172,24
101284,24
101829,24
100003,23
201302,23
200927,23
200690,23
200144,23
201402,23
200825,23
102200,23
201301,23
200467,23
200720,23
101450,23
200088,23
200298,23
200202,23
201282,23
100679,23
200543,23
201156,23
200718,23
200258,23
201266,23
100560,23
100318,23
100941,23
100755,23
200287,23
101631,23
100498,23
201146,23
101854,23
201202,22
101753,22
201234,22
201125,22
200884,22
201398,22
201078,22
201406,22
201328,22
200208,22
201334,22
200214,22
200662,22
200059,22
200397,22
100722,22
102135,22
201059,22
101374,22
201095,22
200559,22
201354,22
101316,22
201245,22
101383,22
100172,22
200335,22
200779,22
100806,22
201039,22
201102,22
201340,22
101267,22
200739,22
101343,22
201077,22
200760,22
200788,22
201331,22
100510,22
100185,22
100646,22
200001,22
100929,21
200302,21
101780,21
200992,21
201114,21
201050,21
201314,21
200498,21
200610,21
200276,21
100799,21
200150,21
201049,21
100049,21
200987,21
201264,21
201391,21
100577,21
101619,21
100642,21
200372,21
200713,21
201511,21
200240,21
101655,21
201468,21
200577,21
102000,21
200565,21
200160,21
101907,21
101170,21
201478,21
102100,21
101496,21
100160,21
200766,20
100942,20
100034,20
101036,20
101074,20
101785,20
200324,20
200794,20
100919,20
200394,20
101994,20
200659,20
102156,20
100898,20
200647,20
201173,20
200860,20
100503,20
201190,20
100569,20
101757,20
100618,20
200436,20
100880,20
200291,20
101503,20
200754,20
101772,20
100430,20
201380,19
200740,19
200212,19
200379,19
100626,19
200280,19
200452,19
201074,19
200316,19
101841,19
101601,19
101802,19
100712,19
200146,19
200427,19
100695,19
100831,19
200547,19
200182,19
201360,19
101048,19
201336,19
200716,19
101053,19
201373,19
200137,19
201188,19
200742,19
101118,19
100952,19
200558,19
101867,19
101788,19
100661,19
200851,18
200019,18
101168,18
100874,18
101398,18
201025,18
200272,18
200362,18
200470,18
101328,18
101233,18
100723,18
100716,18
201143,18
200964,18
201462,18
201400,18
201192,18
100882,18
201467,18
100353,18
200530,18
100228,18
100720,18
200802,18
101461,18
101465,18
201493,18
101273,18
102056,18
200506,18
100383,18
101042,18
200005,18
101363,18
100345,18
200940,18
101132,18
200243,18
100772,18
200225,18
101939,18
100497,18
100270,18
100657,18
201038,18
200376,17
101156,17
200378,17
200907,17
200832,17
200417,17
200771,17
200765,17
201384,17
200919,17
101908,17
100717,17
200420,17
100517,17
201249,17
101203,17
201369,17
101119,17
200836,17
200746,17
201276,17
101445,17
100422,17
200710,17
201185,17
200880,17
101825,17
200188,17
201109,17
200269,17
200180,17
101529,17
200961,17
200286,17
101864,17
200163,17
201219,17
101528,17
200513,17
201127,17
102159,17
200818,17
100402,17
201175,17
201142,17
102192,17
100112,17
200321,17
201268,17
201210,17
100823,17
201427,17
100605,17
100286,17
200781,17
101669,17
101769,17
201088,16
201212,16
100032,16
201444,16
101172,16
101640,16
201483,16
201123,16
100469,16
201294,16
100654,16
200130,16
100320,16
100713,16
100715,16
200071,16
101685,16
100384,16
200057,16
200363,16
101171,16
101447,16
200292,16
200621,16
200785,16
200787,16
200831,16
101464,16
100985,16
101410,16
101692,16
101571,16
201152,16
201457,16
201337,16
101577,16
100751,16
200822,16
200937,16
200805,16
101851,16
101575,16
100756,16
101147,16
100175,16
100532,16
201352,16
201005,15
101136,15
101520,15
101013,15
101191,15
200772,15
200729,15
100335,15
101596,15
101080,15
100458,15
201158,15
200493,15
101492,15
101912,15
100714,15
201241,15
201135,15
200098,15
101327,15
200086,15
200374,15
200433,15
100728,15
200542,15
100098,15
101288,15
101274,15
101449,15
101454,15
101467,15
200128,15
201232,15
102086,15
101367,15
200014,15
200741,15
200322,15
200176,15
102104,15
200865,15
201258,15
200550,15
100530,15
100854,15
200797,15
100021,15
100584,15
201040,15
200457,15
100088,15
101400,15
102099,15
201441,15
201502,15
100877,15
200524,15
102089,15
100495,15
200875,15
200580,15
101038,15
200898,14
200312,14
101938,14
200687,14
100812,14
200886,14
101096,14
101306,14
100574,14
200938,14
100122,14
102187,14
200941,14
201193,14
200798,14
101160,14
101161,14
200762,14
200573,14
100670,14
101339,14
101106,14
200783,14
100809,14
102050,14
200268,14
101560,14
101397,14
200350,14
100619,14
101049,14
200842,14
200926,14
100485,14
200633,14
100062,14
101382,14
100092,14
100905,14
100140,14
101453,14
201365,14
200879,14
102179,14
201052,14
201194,14
101796,14
200782,14
101208,14
102031,14
200777,14
100235,14
101051,14
200800,13
200407,13
200521,13
201184,13
101690,13
102001,13
101344,13
201325,13
200846,13
201133,13
101442,13
201159,13
200882,13
100306,13
102167,13
101849,13
100465,13
200645,13
201421,13
200641,13
100938,13
201045,13
101882,13
200051,13
201496,13
101820,13
101148,13
201031,13
100936,13
100211,13
201230,13
200700,13
200053,13
201479,13
100437,13
200074,13
200769,13
201404,13
200981,13
100893,13
200129,13
200804,13
201415,13
200124,13
201469,13
201090,13
200536,13
100912,13
201423,13
100214,13
100725,13
101501,13
101085,13
100352,13
100206,13
100838,13
102055,13
101092,13
200717,12
101707,12
100907,12
200190,12
101494,12
201485,12
101421,12
200602,12
100764,12
100613,12
200010,12
200231,12
200827,12
101758,12
200566,12
201160,12
100376,12
201363,12
200488,12
200328,12
201461,12
101414,12
100566,12
200759,12
201062,12
100455,12
200900,12
201269,12
101455,12
101462,12
200646,12
201072,12
201510,12
200576,12
200359,12
200026,12
200579,12
200792,12
100878,12
200679,12
100045,12
100671,12
200676,12
200152,12
100528,12
100675,12
201083,12
200995,12
100408,12
201076,12
201451,12
101612,12
101990,12
200586,12
201247,12
102064,12
100007,12
101860,12
201243,12
101107,12
101665,12
200638,12
200157,12
101441,12
200184,12
100145,12
101537,12
201259,12
100859,12
101131,12
101568,12
100902,12
102112,12
102048,11
201161,11
200522,11
200996,11
101604,11
201255,11
200408,11
200207,11
100683,11
201477,11
200023,11
200703,11
200191,11
200636,11
200366,11
200198,11
101633,11
200591,11
201164,11
200449,11
200696,11
200683,11
200028,11
100136,11
201416,11
201501,11
200809,11
200197,11
200196,11
200164,11
200958,11
101466,11
100212,11
100042,11
101458,11
201367,11
101253,11
101071,11
101373,11
100105,11
100940,11
200504,11
200352,11
100586,11
101516,11
100968,11
200702,11
200077,11
100470,11
100472,11
201435,11
100050,11
200018,11
100593,11
200747,11
200178,11
200514,11
100993,11
101459,11
101470,11
100817,11
200833,11
200109,11
200199,11
102140,11
100382,11
101595,11
200459,11
100220,11
200237,11
100150,11
101033,10
101411,10
200429,10
100467,10
100807,10
200413,10
101231,10
200472,10
200637,10
200648,10
201389,10
200111,10
101639,10
102020,10
201217,10
200300,10
100451,10
101452,10
101472,10
200942,10
200906,10
200869,10
100184,10
201327,10
201359,10
101764,10
200708,10
201239,10
100023,10
100389,10
201015,10
200761,10
200044,10
200367,10
200975,10
101202,10
201304,10
200751,10
101134,10
201147,10
201413,10
200801,10
100056,10
101100,10
101377,10
200867,10
200629,10
100151,10
200391,10
200758,10
200216,10
101084,10
200627,10
100221,10
101713,10
200736,10
101474,10
100608,10
100189,10
100819,10
102108,10
200189,10
100256,10
100663,10
101765,10
101736,10
201377,10
100792,10
101632,10
200554,10
101883,10
102032,10
101635,10
101389,10
100891,10
200222,10
201096,10
100420,10
101793,10
100275,10
200564,9
100117,9
101732,9
201091,9
101813,9
200223,9
200186,9
201378,9
101809,9
200203,9
100198,9
201229,9
101762,9
200598,9
101561,9
200263,9
200444,9
201037,9
200883,9
200238,9
200463,9
201086,9
101835,9
100449,9
101963,9
100461,9
101341,9
101469,9
100673,9
100176,9
201506,9
200486,9
200774,9
201414,9
100508,9
100398,9
101123,9
200701,9
200933,9
100796,9
101670,9
101887,9
201119,9
200340,9
200752,9
200775,9
201309,9
102045,9
201387,9
100699,9
200499,9
200552,9
101564,9
200282,9
101457,9
201303,9
100330,9
200383,9
101240,9
200425,9
200073,9
100800,9
201007,9
200604,9
200608,9
102080,9
200381,9
201455,9
201063,9
200334,9
100210,9
201106,9
200991,9
102205,9
101872,9
200224,9
201296,9
200385,9
101297,9
100550,9
101476,9
200159,9
200275,9
201115,9
101729,9
101129,9
101600,8
100997,8
101332,8
100678,8
101643,8
201379,8
200595,8
201172,8
100226,8
101497,8
100423,8
101797,8
200628,8
200936,8
200194,8
101587,8
100133,8
200313,8
200283,8
100209,8
200097,8
200790,8
200344,8
100787,8
100358,8
100487,8
200451,8
200813,8
200872,8
201349,8
100448,8
100379,8
200151,8
200009,8
101991,8
200535,8
200145,8
201206,8
201293,8
100915,8
200347,8
200169,8
100396,8
201223,8
101024,8
201275,8
200960,8
100137,8
101509,8
100949,8
200084,8
200365,8
200482,8
100811,8
200733,8
100169,8
100486,8
200532,8
101045,8
200445,8
200593,8
200601,8
200220,8
200511,8
201004,8
201288,8
200246,8
200557,8
200139,8
101175,8
200431,8
101404,8
100460,8
200061,8
101722,8
200916,8
200115,8
200653,8
101642,8
100636,8
101258,8
200389,8
200965,8
201024,8
101754,8
100630,8
200807,8
200571,8
200745,8
200102,8
201215,8
101911,8
200249,8
100233,8
200666,8
100047,8
100711,8
102098,8
101611,8
101221,8
101898,8
101855,7
201412,7
101380,7
100419,7
200515,7
200876,7
100311,7
200692,7
101599,7
200755,7
200032,7
101068,7
100841,7
100168,7
101748,7
201108,7
100347,7
100005,7
101952,7
100476,7
200234,7
200103,7
100871,7
100274,7
200171,7
100623,7
200087,7
201167,7
102118,7
200390,7
100464,7
100471,7
200228,7
101448,7
201201,7
201071,7
200446,7
200148,7
100388,7
201397,7
101030,7
201236,7
200101,7
201221,7
200548,7
200250,7
101641,7
200735,7
201429,7
201323,7
101245,7
101357,7
101016,7
101471,7
201333,7
200369,7
101180,7
201225,7
101076,7
101776,7
100167,7
200200,7
200047,7
200749,7
200877,7
200840,7
101456,7
200539,7
101803,7
200695,7
100297,7
100582,7
100180,7
200255,7
201473,7
200904,7
100935,7
101182,7
101418,7
201513,7
101795,7
101738,7
101185,7
201476,7
101378,7
101893,7
200304,7
101582,7
200155,7
100565,7
101918,7
101504,7
101133,6
100204,6
100310,6
102119,6
101719,6
200439,6
102110,6
200953,6
200140,6
100970,6
200922,6
201104,6
101823,6
201068,6
102021,6
100983,6
200651,6
101527,6
201278,6
200154,6
200177,6
201324,6
100846,6
201251,6
100906,6
200502,6
200990,6
200008,6
100591,6
201011,6
100121,6
100536,6
101358,6
101894,6
100669,6
100457,6
101672,6
100116,6
100822,6
100743,6
100234,6
101279,6
200050,6
100740,6
101708,6
200523,6
101286,6
101548,6
101322,6
100411,6
200357,6
200909,6
101878,6
100372,6
201395,6
100473,6
200665,6
201252,6
200068,6
100315,6
101720,6
101021,6
100296,6
200654,6
201030,6
102134,6
200918,6
201094,6
101831,6
101493,6
201170,6
101873,6
100955,6
201456,6
201272,6
100967,6
100282,6
100385,6
102191,6
200294,6
200721,6
201475,6
100283,6
101579,6
201517,6
201518,6
201482,6
201364,6
100746,6
101865,6
100462,6
200669,6
100350,6
101072,6
100011,6
101486,6
100127,6
201348,6
100531,6
100132,6
101930,5
101099,5
200147,5
101609,5
201132,5
100890,5
100289,5
101266,5
101349,5
201097,5
101391,5
200652,5
201180,5
101090,5
100944,5
101060,5
200893,5
101025,5
100453,5
100463,5
100466,5
201356,5
201216,5
200744,5
101818,5
200430,5
200677,5
100299,5
200441,5
100506,5
201505,5
201183,5
200267,5
100888,5
200570,5
100459,5
100207,5
101188,5
101224,5
200892,5
201368,5
100194,5
200121,5
201254,5
200553,5
201260,5
101651,5
200881,5
201002,5
201308,5
100138,5
201345,5
200464,5
201474,5
200984,5
100442,5
200672,5
200083,5
200509,5
100057,5
101088,5
200453,5
200174,5
101760,5
200970,5
200261,5
101438,5
201358,5
200473,5
200229,5
201343,5
200052,5
200118,5
200738,5
200667,5
100590,5
101294,5
200382,5
200507,5
100409,5
100833,5
200770,5
100008,5
200326,5
200512,5
101116,5
101078,5
200303,5
102029,5
101702,5
201069,5
201138,5
100351,5
200723,5
100370,5
200093,5
200021,5
201520,5
201519,5
200004,5
200811,5
200671,5
201516,5
101544,5
101901,5
101532,5
100482,5
100732,5
101652,5
100525,5
200889,5
100835,5
101041,5
201376,5
102042,5
100543,5
201306,5
100305,5
100255,4
101962,4
201213,4
201446,4
101330,4
200046,4
200141,4
201459,4
100961,4
200293,4
100360,4
100139,4
100369,4
101830,4
200854,4
101444,4
101549,4
100300,4
101247,4
100454,4
200572,4
102145,4
101428,4
101667,4
201300,4
200510,4
201041,4
101928,4
201181,4
101012,4
201289,4
100143,4
102069,4
101933,4
100922,4
100883,4
200006,4
101869,4
201448,4
100889,4
100778,4
100468,4
102136,4
201136,4
200613,4
102007,4
100637,4
101360,4
101372,4
200096,4
100625,4
101064,4
200471,4
201316,4
200680,4
100368,4
101534,4
100428,4
101153,4
100257,4
200094,4
101929,4
100417,4
100456,4
101598,4
102175,4
101581,4
200041,4
200631,4
101656,4
200966,4
101057,4
200183,4
101390,4
101980,4
201332,4
100972,4
200888,4
201227,4
100254,4
200939,4
101187,4
101546,4
200131,4
101301,4
100832,4
200828,4
200323,4
101847,4
101110,4
100805,4
101370,4
200416,4
201228,4
100033,4
201056,4
100232,4
100597,4
200885,4
200380,4
200578,4
100187,4
200123,4
201523,4
201166,4
100483,4
200928,4
101268,4
100768,4
100894,4
102105,4
200029,4
100815,4
200814,4
100130,4
200271,4
101879,4
201137,4
101782,4
100849,4
201491,4
201016,4
101502,4
100285,4
101620,4
101323,4
100445,3
101280,3
101174,3
201366,3
201346,3
201122,3
200064,3
201307,3
201317,3
101890,3
200318,3
101420,3
200596,3
101159,3
100754,3
101726,3
201112,3
101205,3
100766,3
100331,3
200776,3
101234,3
100436,3
101695,3
201338,3
100784,3
200799,3
201105,3
100010,3
102178,3
100386,3
101329,3
200037,3
200192,3
200895,3
201339,3
100730,3
101526,3
101970,3
101917,3
100395,3
100969,3
101371,3
200395,3
100268,3
201054,3
200763,3
200481,3
100688,3
101576,3
200270,3
200841,3
200835,3
101514,3
100035,3
101671,3
100247,3
100216,3
100700,3
201150,3
100164,3
200711,3
100452,3
100200,3
100660,3
101927,3
100373,3
201273,3
100397,3
101749,3
100951,3
200527,3
102141,3
200750,3
101263,3
200668,3
200793,3
200337,3
200458,3
101395,3
200384,3
100696,3
200714,3
102005,3
200997,3
201500,3
101362,3
200027,3
102037,3
200951,3
100858,3
200655,3
200640,3
200081,3
201320,3
200036,3
200025,3
100576,3
100975,3
200414,3
201439,3
200089,3
200725,3
200597,3
101199,3
101002,3
101783,3
100380,3
100082,3
101892,3
101733,3
101484,3
200697,3
101997,3
101585,3
102211,3
101815,3
101525,3
100343,3
100246,3
101178,3
100635,3
101936,3
100415,3
100977,3
101473,3
101181,3
200582,3
102081,3
100110,3
200257,3
101725,3
201329,3
200743,3
200069,3
101381,3
200333,3
200973,3
100238,3
200040,2
200815,2
201430,2
201283,2
100433,2
200412,2
100595,2
200193,2
201131,2
200923,2
201113,2
101039,2
100647,2
101317,2
201335,2
100603,2
201417,2
200661,2
101061,2
100837,2
200454,2
101319,2
101488,2
101870,2
200319,2
200497,2
102014,2
201066,2
200837,2
101975,2
200108,2
101481,2
201287,2
101117,2
201032,2
100265,2
200569,2
101236,2
100148,2
101688,2
200537,2
201028,2
201061,2
100394,2
102125,2
100338,2
100412,2
100239,2
201008,2
200945,2
101747,2
200712,2
200855,2
200149,2
102117,2
102016,2
200806,2
100500,2
200017,2
200529,2
101565,2
102085,2
100499,2
200494,2
200894,2
201419,2
200722,2
200670,2
200588,2
102101,2
100887,2
200447,2
201250,2
101739,2
200944,2
102040,2
201012,2
200496,2
101128,2
101244,2
100053,2
200630,2
200325,2
200142,2
101489,2
101111,2
201124,2
201001,2
100022,2
201361,2
200125,2
102033,2
200574,2
100086,2
101295,2
100826,2
101047,2
100672,2
201226,2
200338,2
201003,2
200156,2
200983,2
201321,2
100030,2
200422,2
102128,2
200351,2
201298,2
201085,2
100196,2
200487,2
101063,2
101799,2
200998,2
201315,2
100507,2
200685,2
200968,2
101351,2
100195,2
100895,2
100677,2
200162,2
101586,2
100721,2
102181,2
101506,2
101044,2
200310,2
100848,2
100523,2
200948,2
200170,2
100791,2
101356,2
101891,2
101348,2
101617,2
101937,2
201286,2
200719,2
101408,2
100614,2
100341,2
101394,2
201497,2
100662,2
200205,2
101919,2
101838,2
101000,2
201153,2
101032,2
201353,2
201495,2
101463,2
101379,2
101660,2
101967,2
100962,2
100443,2
102177,2
201454,2
100124,2
100241,2
100776,2
100346,2
100026,2
200296,2
201351,2
102123,2
200962,2
100757,2
100850,2
101059,2
200002,2
101369,2
101212,2
101065,2
100836,2
200016,2
100222,2
101914,2
201463,2
101093,2
101752,2
200784,2
100431,2
101535,2
101844,2
101152,2
100862,2
100505,2
101485,2
100048,1
101026,1
100434,1
101759,1
200361,1
101745,1
100795,1
100870,1
101696,1
200920,1
101115,1
100825,1
101289,1
200274,1
101922,1
101219,1
201107,1
101941,1
200838,1
101281,1
201385,1
101324,1
201177,1
100488,1
102022,1
102090,1
201092,1
101320,1
100276,1
200253,1
200682,1
200864,1
101127,1
101034,1
200048,1
200947,1
201204,1
102171,1
200931,1
101220,1
101022,1
201163,1
102170,1
100319,1
100413,1
100123,1
100900,1
200067,1
200356,1
200056,1
100181,1
200426,1
100520,1
101095,1
200332,1
200450,1
201197,1
101673,1
101863,1
100844,1
200013,1
101027,1
200307,1
101981,1
200043,1
100075,1
101194,1
200132,1
200688,1
200921,1
201099,1
200015,1
201233,1
200035,1
201431,1
201326,1
200370,1
201453,1
201508,1
100014,1
200277,1
101915,1
100186,1
200908,1
200484,1
201214,1
200902,1
100867,1
201191,1
201512,1
201355,1
100173,1
100978,1
101881,1
200693,1
101004,1
200438,1
201394,1
201498,1
101190,1
101770,1
101625,1
101986,1
201117,1
100293,1
102184,1
101766,1
201371,1
200726,1
101584,1
102157,1
200423,1
201449,1
101666,1
102010,1
100810,1
100309,1
100179,1
101213,1
100950,1
200465,1
101874,1
101200,1
201396,1
101167,1
102147,1
100923,1
100314,1
102198,1
101427,1
101142,1
200967,1
200546,1
100166,1
200358,1
200732,1
100821,1
200971,1
200972,1
100170,1
102034,1
100514,1
101674,1
101812,1
100083,1
100911,1
201265,1
100242,1
102155,1
100361,1
201098,1
200862,1
200492,1
201093,1
200480,1
201295,1
200657,1
101347,1
200495,1
101251,1
201487,1
101616,1
200925,1
101003,1
200845,1
100533,1
101413,1
102122,1
102025,1
200614,1
200969,1
201207,1
100261,1
101964,1
100556,1
100479,1
100480,1
100733,1
200411,1
